{
    "tabs": {
        "00": {
            "tab_id": "00",
            "cwd": "/workspace/shadcn-ui",
            "observer": {
                "block": "Terminal",
                "uuid": "dd0062e9-175d-4eae-bfb1-b33dcda141ad",
                "enable_llm_stream": false,
                "callback_url": ""
            },
            "shell_command": [
                "bash"
            ],
            "command_terminator": "\n"
        },
        "01": {
            "tab_id": "01",
            "cwd": "/workspace/shadcn-ui",
            "observer": {
                "block": "Terminal",
                "uuid": "ecbb2b34-0076-431f-b4fd-e091a7630f26",
                "enable_llm_stream": false,
                "callback_url": ""
            },
            "shell_command": [
                "bash"
            ],
            "command_terminator": "\n"
        }
    },
    "current_tab_id": "01",
    "forbidden_commands": {
        "run preview": "Use Deployer.deploy_to_public instead.",
        "serve ": "Use Deployer.deploy_to_public instead.",
        "python -m http.server": "Use python -u -m http.server port_number instead."
    },
    "timeout": 300.0,
    "working_dir": "/workspace"
}